#canada beats china 1-0 in the 1st game of the #fifa women's world cup in #edmonton. pic.twitter.com/cucmnih96o,,2015-06-06,16,#FIFA
@watanabe2k i know. maybe payback for that penalty in 2012 olympics versus usa. #fifa,,2015-06-06,16,#FIFA
video: ireland focussed on england clash http://zipzp.eu/?a=b7bgsm  #fifa,zipzp.eu/?a=b7bgsm,2015-06-06,16,#FIFA
omg what a win!! insane goal!! what a great game. #fifa #canada @canadasocceren,,2015-06-06,16,#FIFA
#canada wins!!! #fifawwc #wwc2015 #womensworldcup #fifa #soccer,,2015-06-06,16,#FIFA
canada wins 1 nothing! sinclair scores in final minutes #fifa #canada.,,2015-06-06,16,#FIFA
what a finish for our ladies #fifawwc #gocanadago #fifa,,2015-06-06,16,#FIFA
#worldcup #fifa 2014 adrenalyn xl road to fifa world cup brazil #50 jasper cillessen http://dlvr.it/b7bkbd  #football #deals,dlvr.it/b7bkbd,2015-06-06,16,#FIFA
just to correct stuff #fifa is sending out this #fifawwc game is nowhere near the largest crowd to watch sports in canada. #greycup,,2015-06-06,16,#FIFA
it's a goal for #teamcanada as christine sinclair puts in the penalty. #canadavschina #fifa,,2015-06-06,16,#FIFA
#trinidad’s soccer hero falls from grace in global scandal http://on.wsj.com/1ategac  #fifa #worldcup,on.wsj.com/1ategac,2015-06-06,16,#FIFA
as much as i will support the commonwealth i think china were cheated right then not a penalty in my eyes! #worldcup2015 #canada2015 #fifa,,2015-06-06,16,#FIFA
anyone else thought that #fifa paid the red to give that penalty right at the death? it was never a penalty #canadaworldcup ,,2015-06-06,16,#FIFA
canada wins! #fifa #ocanada https://instagram.com/p/3m2bwut8p_/ ,instagram.com/p/3m2bwut8p_/,2015-06-06,16,#FIFA
finally canada won #fifa,,2015-06-06,16,#FIFA
move along now. nothing to see here. #fifa https://twitter.com/espnfc/status/607614769219006464 …,twitter.com/espnfc/status/,2015-06-07,16,#FIFA
#fifa: rusia y qatar perderían localía de mundiales si se comprueba sobornos http://goo.gl/2dm0eo  pic.twitter.com/olwcsc6o9y,,2015-06-07,16,#FIFA
russia & qatar could lose the right to host the 2018 and 2022 world cups if evidence is found of corruption. http://m.foxsports.com.au/football/fifa-crisis-qatar-russia-risk-losing-world-cups-if-bidding-process-found-to-be-corrupt/story-e6frf423-1227387650461 … #fifa,,2015-06-07,16,#FIFA
e-mail implies former fifa president may have been involved in ... http://zipzp.eu/?a=b7fdr5  #fifa,,2015-06-07,16,#FIFA
as a proud #irish #canadian i hope news outlets like @independent_ie cover #fifa women's world cup so we can all share in the excitement!,,2015-06-07,16,#FIFA
even though many lives have already been lost building stuff for the #fifa 2022 world cup really hope qatar will be replaced asap,,2015-06-07,16,#FIFA
#worldcup #fifa 2014 prizm world cup soccer insert and refractor lot http://dlvr.it/b7fhkt  #football #deals,,2015-06-07,16,#FIFA
if you were one of the 60+ ppl who bought a ticket to this movie let us know how it was! #fifa movie bombs in u.s. http://j.mp/1qg5bbj ,,2015-06-07,16,#FIFA
the #fifa-gang can't break their love for a football! rt via: --->> http://www.ad.nl/ad/nl/6148/fifa/article/detail/4057034/2015/06/05/de-fifa-bende-kan-hun-liefde-voor-de-bal-niet-kapot-maken.dhtml … via @adnl,,2015-06-07,16,#FIFA
(risk) #fifa admits qatar russia may lose world cup amid scandal | http://www.adelaidenow.com.au/sport/football/fifa-crisis-qatar-russia-risk-losing-world-cups-if-bidding-process-found-to-be-corrupt/story-fnii0fc4-1227387650461?sv=11a558acd2ec68f5e8f3562622611276#.vxtzghgbx5g ….,,2015-06-07,16,#FIFA
dirty dancer: sepp blatter's vile corrupt fiefdom finally comes crashing down — http://spon.de/aev27  via @spiegelonline #fifa #seppblatter,,2015-06-07,16,#FIFA
how would malcolm speed fix #fifa? "start again new people revamp the board - there's an immense amount to be done there" #alimoore,,2015-06-07,16,#FIFA
rt jerryjohn01: #newcastle to secure #stevemclaren as manager. http://ift.tt/1rwx8mi  #ssfootball #epl #ucl #mtnfootball #fifa,,2015-06-07,16,#FIFA
surprise surprise #fifa movie 'united passions' bombs in u.s. http://j.mp/1qg5bbj ,,2015-06-07,16,#FIFA
really enjoyable & informative time on the #fifa youth coaches course. thanks to all involved. pic.twitter.com/qtgere40df,,2015-06-07,16,#FIFA
#fifa could be called o settle dispute between #sunderland & #intermillan. http://www.mirror.co.uk/sport/football/transfer-news/fifa-intervene-sunderland-try-wriggle-5835829 …? #ssfootball #epl #ucl,,2015-06-07,16,#FIFA
credits roll on blatter's horror show but what will fifa's sequel bring? http://zipzp.eu/?a=b7f9pp  #fifa,,2015-06-07,16,#FIFA
my #wwc2015 app is steaming over the #germany game. smoke is coming out of my phone...it's making noise...there's jeering involved... #fifa,,2015-06-07,16,#FIFA
don't worry be happy http://ln.is/yadadarcyyada.com/20/qoobu … via @yadadarcyyada #mondayblogs @mondayblogs #happiness #chocolate #fifa #caitlyn #tv,,2015-06-07,16,#FIFA
if bribery proven #russia and #qatar could lose their right to host the #fifa world cup in 2018 & 2022.... http://fb.me/7dqwl8ni3 ,,2015-06-07,16,#FIFA
u.s. ready to snatch qatar’s world cup http://thebea.st/1m5e3fm  via @nicohines #fifa,,2015-06-07,16,#FIFA
#worldcup #fifa 2014 prizm fifa world cup soccer 1 box break #728 costa rica http://dlvr.it/b7f7rw  #football #deals,,2015-06-07,16,#FIFA
#fifa women's world cup action! #germany vs #ivorycoast #soccer @ lansdowne park https://instagram.com/p/3pzxqjeaf3/ ,,2015-06-07,16,#FIFA
#todt: #formula 1 immune to #fifa-like corruption" via @teamstream http://www.telegraph.co.uk/sport/motorsport/formulaone/lewishamilton/11658498/formula-one-is-not-corrupt-insists-jean-todt.html …,,2015-06-07,16,#FIFA
sepp blatter: why i decided to quit #fifa sports5050 #sports5050 http://wp.me/p5dvhy-43c  pic.twitter.com/9iljhqj3nf,,2015-06-07,16,#FIFA
newsrevo : icymi #fifa corruption crisis: fbi inquiry now includes 2014 brazil world cup | http://www.theguardian.com/football/2015/jun/04/fifa-corruption-crisis-fbi-inquiry-now-includes-2014-world-cup-in-brazil?cmp=share_btn_tw … … #fuckfifa pic.twitter.c…,,2015-06-07,16,#FIFA
#newcastle to secure #stevemclaren as manager. http://www.chroniclelive.co.uk/sport/football/football-news/newcastle-united-confirm-steve-mcclaren-9399569 … #ssfootball #epl #ucl #mtnfootball #fifa,,2015-06-07,16,#FIFA
eluniversal el gol del señor 15% #fùtbol #fifa http://ow.ly/nzck9 ,,2015-06-07,16,#FIFA
armour fifas image cud get boost from #women it ignores http://j.mp/1rwwzji  #blatter #fifa #worldcup,,2015-06-07,16,#FIFA
how much will they pay to cover up bribery? '#russia & #qatar may lose world cups' http://buff.ly/1qg7hyo  #fifa #worldcup,,2015-06-07,16,#FIFA
women's world cup: b.c. place's new plastic pitch gets 11th-hour ... http://zipzp.eu/?a=b7f5zh  #fifa,,2015-06-07,16,#FIFA
para mi la #fao tiene la misma credibilidad que la #fifa y los partidos de gobierno con todo y la mata de acetaminofen o marihuana (?),,2015-06-07,16,#FIFA
╱╭━━┳━┳━┳╮#woot ━┫╱┓┣┳━━━╯#root ╱╱╱┃┃╯ ━┫╱╰┛╯ ╱╰━━╯ @factsraining cheering their favorite #fifa #footballteam via http://uapp.ly ,,2015-06-07,16,#FIFA
just won our first cup #fifa,,2015-06-07,16,#FIFA
sigue el escándalo en la #fifa: revelan quién fue el verdadero ganador de la sede del mundial del 2010: http://bit.ly/1fdyojr ,,2015-06-07,16,#FIFA
blatter wusste offenbar von umstrittener 10-millionen-zahlung http://tagi.ch/15709023  #fifa,,2015-06-07,16,#FIFA
#fifa to strip #qatar & #russia of world cups if found guilty of bribery http://dlvr.it/b7f92k  http://fb.me/2dbchgbnf ,,2015-06-07,16,#FIFA
go switzerland go! #fifawomensworldcup #football #footie #soccer #fifa #worldcup @ bc place https://instagram.com/p/3r_7fzjqjn/ ,instagram.com/p/3r_7fzjqjn/,2015-06-08,16,#FIFA
that was awful. #wtf #fifa tie game. #gousa,,2015-06-08,16,#FIFA
former blatter adviser tells @patrickcnn: wouldn't be surprised by bribery #fifa http://cnn.it/1t80gsm  @cnntoday @amaracnn @vausecnn,cnn.it/1t80gsm,2015-06-08,16,#FIFA
de vanna equalises for #australia. #usa 1-1 #australia #fifa #fifawwc #wwc2015 #womenssoccer,,2015-06-08,16,#FIFA
let's go ladies win the world cup #uswnt #fifa #2015worldcup #usa #uswntsoccer #futbol https://instagram.com/p/3r_xgsjib0/ ,instagram.com/p/3r_xgsjib0/,2015-06-08,16,#FIFA
rt @vanparksgolf: two great events are coming to #vancouver. check them out here... http://ow.ly/o2toj  #yvr #golf #fifa,ow.ly/o2toj,2015-06-08,16,#FIFA
justin bieber is on the women's australian world cup soccer team. #fifa pic.twitter.com/beuumbecyr,,2015-06-08,16,#FIFA
the 90-degrees we are feeling right now in eugene would be a crisp breeze if #fifa keeps the men's world cup in qatar. #facts,,2015-06-08,16,#FIFA
are you mad? . i just got #lewandowski #tots! . #fifa. #fifa15. #football. #fut. #futgiveaway.… https://instagram.com/p/3r_ok_v6cz/ ,instagram.com/p/3r_ok_v6cz/,2015-06-08,16,#FIFA
there's a girl on the australian team that looks like ronaldo #fifa,,2015-06-08,16,#FIFA
.@iamjohnoliver makes good on all three of his promises. xd #fifa https://www.youtube.com/watch?v=fxywcqelxrc …,youtube.com/watch?v=fxywcq,2015-06-08,16,#FIFA
@hansonmusic canada won their opener 1-0 #christinesinclair #canada #fifa :-),,2015-06-08,16,#FIFA
the women’s world cup sponsored by gazprom. and you say #fifa is corrupt.,,2015-06-08,16,#FIFA
@meninblazers i know canada is usually all non-rebellious and honest but just this once nobody would have blamed them esp. cuz #fifa,,2015-06-08,16,#FIFA
"stop judging these women based on looks!" - what i yell before i go back to silently judging these women based on looks #usa #fifa,,2015-06-08,16,#FIFA
soccer news : japan vs. switzerland: live score highlights from… http://dlvr.it/b8fzvr  #soccernews #soccer #fifa #soccer #football,dlvr.it/b8fzvr,2015-06-08,16,#FIFA
#fifa sure is a mess but that's not gonna stop me from cheering for our girls to win the #fifawwc #worldcup #usavaus #usa #gogirls #,,2015-06-08,16,#FIFA
for once the #ioc is doing some good. normally they are corrupt. maybe they want to differentiate themselves from #fifa #tytlive,,2015-06-08,16,#FIFA
in honor of team usa's first game throwing it back to a special night with #4 #beckysauerbrunn #fifa… https://instagram.com/p/3r_rhbi0v4/ ,instagram.com/p/3r_rhbi0v4/,2015-06-08,16,#FIFA
new #fifa rules. 3. no sponsorship 4. random selection of host for world cup from those that volunteer. etc etc etc,,2015-06-08,16,#FIFA
mapping out the game plan. team canada coach john herdman. #2015wwc #fifa #ejlive pic.twitter.com/ht6qzhdtjr,,2015-06-09,16,#FIFA
fifa scandal puts sponsor adidas in tough spot fifa #fifa | aunewse | pinterest http://goo.gl/fb/hhqkym ,goo.gl/fb/hhqkym,2015-06-09,16,#FIFA
july on twitter: "fifa #scandal #puts #sponsor #adidas #in #tough #spot #fifa # #fifa http… http://goo.gl/fb/rqbo9k ,goo.gl/fb/rqbo9k,2015-06-09,16,#FIFA
salads and the women's world cup. #peasblog #fifa #becausefutbol #worldcup https://instagram.com/p/3ukk1jgxpf/ ,instagram.com/p/3ukk1jgxpf/,2015-06-09,16,#FIFA
icymi: my latest on the artificial turf debate at the #womensworldcup http://nbcnews.to/1bv14wz  #fifa pic.twitter.com/iq2ubwmsqk,nbcnews.to/1bv14wz,2015-06-09,16,#FIFA
vía: la_iguanatv: nuevo #infraganti : "el negocio de la #fifa" junto a maperezpirela ¡no te lo pierdas! http://youtu.be/-uoo3lytrqu  >,youtu.be/-uoo3lytrqu,2015-06-09,16,#FIFA
the oldest woman scores for fifa the same day as the oldest man to score for fifas' birthday!!! #iluminati #fifa #wwc2015,,2015-06-09,16,#FIFA
use this pic as your facebook cover to show your opposition to the #namibia #sealhunt pic.twitter.com/x1ezl74uuu #furfreefriday vs #fifa,,2015-06-09,16,#FIFA
¡imperdible! el nuevo #infraganti sobre "el negocio de la #fifa" http://youtu.be/-uoo3lytrqu  >,youtu.be/-uoo3lytrqu,2015-06-09,16,#FIFA
#fifa stadium puts #namibia #sealhunt into perspective. http://www.thesealsofnam.org/fifa-stadium-puts-namibia-seal-hunt-into-perspective/ …,thesealsofnam.org/fifa-stadium-p,2015-06-09,16,#FIFA
primitive savages doing their slave masters bidding in #namibia #sealhunt forget #fifa and join the #tourism boycott. http://twitpic.com/cd3fou ,twitpic.com/cd3fou,2015-06-09,16,#FIFA
#worldcup opener http://sports.yahoo.com/blogs/soccer-fc-yahoo/hope-solo--megan-rapinoe-shine-as-u-s--beats-australia-in-women-s-world-cup-opener-013901584.html?soc_src=mediacontentstory&soc_trk=tw … via @yahoosports @randa_gp #worldcup2015 #soccer #fifa #football pic.twitter.com/mcxagph4ns,sports.yahoo.com/blogs/soccer-f,2015-06-09,16,#FIFA
fifia 15 /// xbox one /// wild party :d final epico #fifa15 #clubespro #proclub #fifa http://youtu.be/relv4titp1k ,youtu.be/relv4titp1k,2015-06-09,16,#FIFA
france avoid early women's world cup shock defeat group rival ... http://zipzp.eu/?a=b8r6gz  #fifa,zipzp.eu/?a=b8r6gz,2015-06-09,16,#FIFA
#fifa #eurovision the #baftas… the #poison is all #around us: tweet i chose eurovision… http://goo.gl/fb/f2onnp ,goo.gl/fb/f2onnp,2015-06-09,16,#FIFA
scandals in the digital age http://www.janetgranger.com/#!scandals-in-the-digital-age/cq81/557638b70cf24a1983875865 … #socialmedia #content #fifa pic.twitter.com/xvpx0hhigt,janetgranger.com/#!scandals-in-,2015-06-09,16,#FIFA
fifa suspect burzaco turns self in #fifa http://www.independent.ie/world-news/fifa-suspect-burzaco-turns-self-in-31289059.html …,independent.ie/world-news/fif,2015-06-09,16,#FIFA
brazil ahead in the first!!!! #fifa,,2015-06-09,16,#FIFA
#fifa #news #sport u-20 world cup final to be a sell-out: all allocated tickets for the final of the fifa u-20... http://openn.eu/qpdd8 ,openn.eu/qpdd8,2015-06-09,16,#FIFA
#fifa entertaining battle sees debutants draw http://fifa.to/1mmaiht ,fifa.to/1mmaiht,2015-06-09,16,#FIFA
#fifa: u-20 world cup final to be a sell-out: all allocated tickets for the final of the fifa u-20 world cup n... http://fifa.to/1ji3qp8 ,fifa.to/1ji3qp8,2015-06-09,16,#FIFA
@tmz love the caption! lmao! "we need to fix fifa ...cause we're good at soccer now" - barack obama #fifa #usa https://twitter.com/tmz/status/608419660996968449 …,twitter.com/tmz/status/608,2015-06-09,16,#FIFA
 not even funny how true this is! #fifa #penalties https://instagram.com/p/3ujtwpim5w/ ,,2015-06-09,16,#FIFA
@fifawwc june 9th #esp vs #crc #highlights http://goo.gl/cydl80  #fifawwc #canadaworldcup #canada2015 #wwc2015 #espcrc #fifa,,2015-06-09,16,#FIFA
this is like something @finegael @labour would do http://www.theladbible.com/articles/fifa-s-movie-about-themselves-made-607-on-it-s-opening-weekend … #irishwater #siteserv #redacted #fifa #fia #not1pipe #johndelaney,,2015-06-09,16,#FIFA
video: fifa women's 2015 game breakdown with marc weber http://zipzp.eu/?a=b8r3jn  #fifa,,2015-06-09,16,#FIFA
talking about reforming #fifa is like planning to reform the mafia into a legal company. fifa needs to be shattered and replaced.,,2015-06-09,16,#FIFA
nuevo #infraganti : "el negocio de la #fifa" junto a @maperezpirela ¡no te lo pierdas! http://youtu.be/-uoo3lytrqu  >,,2015-06-09,16,#FIFA
maradona afirma que será vice de la #fifa si el príncipe ali es presidente http://goo.gl/0gmt3m  pic.twitter.com/bah0c0fevm,,2015-06-09,16,#FIFA
noticed south korea's women's team faces are whiter than usual? is it makeup? watching #brazil vs #southkorea 2015 #fifa women's world cup,,2015-06-09,16,#FIFA
new claims that former #fifa vp jack wagner kept $750 000 that was raised for haiti earthquake relief in 2010. http://prosoccertalk.nbcsports.com/2015/06/09/latest-on-fifa-corruption-burzaco-arrested-shocking-warner-allegations-over-haiti-earthquake-funds/?utm_network=facebook&utm_post=3781317&utm_source=fb%20-%20nbc%20sports%20soccer&utm_tags=srm%5bsoccer%2carticle%5d …,,2015-06-09,16,#FIFA
so upset about that #fifa #manager #sacked,,2015-06-09,16,#FIFA
went to see france vs. england today! awesome game! plus mexico vs. columbia #fifawwc #fifa #canada pic.twitter.com/dqixwhm71a,,2015-06-09,16,#FIFA
@fifawwc june 9th #fra vs #eng #highlights http://goo.gl/tjqyg0  #fifawwc #canadaworldcup #canada2015 #wwc2015 #fraeng #fifa,,2015-06-09,16,#FIFA
this picture illustrates how @juliefoudy will properly clean up corruption in #fifa @meninblazers #motherofdragons pic.twitter.com/n5ygwdfiif,,2015-06-09,16,#FIFA
make soccer more american: #fifa should look to hockey and basketball to reform its game by @richardaepstein http://ow.ly/o2uli ,,2015-06-09,16,#FIFA
john oliver doesn't back down from his promise drinks bud light lime #fifa http://bit.ly/1ff81gc  pic.twitter.com/tzrvt4a5ld,,2015-06-09,16,#FIFA
alejandro burzaco wanted in fifa probe arrested in italy http://zipzp.eu/?a=b8r5c4  #fifa,,2015-06-09,16,#FIFA
he is right but it doesn't mean fifa is not corrupt! jack warner says #us would not guarantee fair trial #fifa http://n.mynews.ly/!yb.cksu0 ,,2015-06-09,16,#FIFA
#brazilië - #korea #fifa #woman'sworldcup2015 #canada #montreal 1 - 0 #brakor #wwc2015,,2015-06-09,16,#FIFA
formiga is the 2nd player after homare sawa to play her 6th #fifawwc #legend #fifa #womenssoccer #wwc2015,,2015-06-09,16,#FIFA
#brazil scores its 1st goal through formiga. #brazil 1-0 #southkorea #fifa #fifawwc #womenssoccer #wwc2015,,2015-06-09,16,#FIFA
never ever try snapchatting while playing fifa.. i just lost 4-3 .. i had this guy.. #fifa,,2015-06-09,16,#FIFA
day 3 recap for the #fifa #womensworldcup https://twitter.com/theaosnofficial/status/608354002120658947 …,,2015-06-09,16,#FIFA
anc mps reject motion to summon safa president on fifa ... http://zipzp.eu/?a=b8qy0c  #fifa,,2015-06-09,16,#FIFA
#worldcup #fifa 2014 prizm world cup frank lampard auto #s-fl http://dlvr.it/b8qxjx  #football #deals,,2015-06-09,16,#FIFA
millionenschwerer #fifa film spielt 545 #euro ein http://www.kicker.de/news/fussball/intligen/startseite/628657/artikel_millionenschwerer-fifa-film-spielt-545-euro-ein.html …,,2015-06-09,16,#FIFA
if south korea beat brazil i will celebrate by having korean food. #fifa,,2015-06-09,16,#FIFA
este empresario acusado de corrupción en la #fifa se entregó a la justicia italiana http://ow.ly/o5ldr  #deportes #fútbol,,2015-06-09,16,#FIFA
accionistas de #adidas quieren que se corte el vínculo con #fifa. la info: http://goo.gl/izbsar  pic.twitter.com/cr1r7hd9uj,,2015-06-09,16,#FIFA
"how a #fifa-like scandal affects your talent pipeline" https://hbr.org/2015/06/how-a-fifa-like-scandal-affects-your-talent-pipeline?utm_source=socialflow&utm_medium=tweet&utm_campaign=socialflow … cc @kevinkniffin #scandal #crisis,,2015-06-09,16,#FIFA
#fifa suspect #burzaco turns himself in to italian police http://bit.ly/1f1giup  pic.twitter.com/476ctwk5bf,,2015-06-09,16,#FIFA
what a beauty from benzema omfg 90mincheese #fifa #90 #min #cheese https://instagram.com/p/3uhlenokeg/ ,,2015-06-09,16,#FIFA
roommate said i was only 1 goal better...well... #beatdown #fifa pic.twitter.com/g82vlaqmcz,,2015-06-10,16,#FIFA
"handing #fifa over to germany and england is no way to fix it" http://atfp.co/1cloijp  pic.twitter.com/q0xus9y47t via / vía @foreignpolicy,atfp.co/1cloijp,2015-06-10,16,#FIFA
world cup 2026 bidding process delayed amid #corruption allegations around 2018 and 2022 #fifa tournaments -telegraph http://www.telegraph.co.uk/sport/football/fifa/11664621/world-cup-2026-bidding-process-delayed-amid-corruption-allegations-around-2018-and-2022-fifa-tournaments.html …,telegraph.co.uk/sport/football,2015-06-10,16,#FIFA
#worldcup #fifa 1990 world cup italia duffle bag keychain http://dlvr.it/b9rdhr  #football #deals,dlvr.it/b9rdhr,2015-06-10,16,#FIFA
why does anyone think ex-players have the management and governance skills to run fifa? http://gu.com/p/49yvp/stw  #fifa #zico #football,gu.com/p/49yvp/stw,2015-06-10,16,#FIFA
john oliver goes on trinidad tv to urge jack warner to rat on #fifa http://huff.to/1kwmbnk ,huff.to/1kwmbnk,2015-06-10,16,#FIFA
qa: the state of the railhawks with president curt johnson http://zipzp.eu/?a=b9rdp1  #fifa,zipzp.eu/?a=b9rdp1,2015-06-10,16,#FIFA
#uswnt #wwc2015 #wwc #fifa mt theemmys - how to watch the #womensworldcup on tv and the internet fifawwc #natas … fifanewscanada www.fi…,,2015-06-10,16,#FIFA
vía: la_iguanatv: nuevo #infraganti : "el negocio de la #fifa" junto a maperezpirela ¡no te lo pierdas! http://youtu.be/-uoo3lytrqu  +.,youtu.be/-uoo3lytrqu,2015-06-10,16,#FIFA
¡imperdible! el nuevo #infraganti sobre "el negocio de la #fifa" http://youtu.be/-uoo3lytrqu  -.,youtu.be/-uoo3lytrqu,2015-06-10,16,#FIFA
rt dabeard: whoever won't be jailed at #fifa should be for its shameful treatment of women at the #wwc2015 http://pri.org/stories/2015-06-10/turf-burns-penalty-shots-and-120-degree-fields-show-fifas-contempt-womens-world … …,pri.org/stories/2015-0,2015-06-10,16,#FIFA
so in 3 weeks the #usmnt and #usa has taken down the dutch the germans and #fifa. #merica,,2015-06-10,16,#FIFA
fifa #16 #maker #hits #out #at #&39;misogynistic #vitriol&39; #fifa #16 # #fifa16 http://dlvr.it/b9r5gb  |p2 pic.twitter.com/awpblglek7,dlvr.it/b9r5gb,2015-06-10,16,#FIFA
usa beats germany 2-1 #usa #usmnt #usavger #fifa #menssoccer #soccer #football #futbol,,2015-06-10,16,#FIFA
listen: the lowdown on that fifa movie from one of the few ... http://zipzp.eu/?a=b9r9xc  #fifa,zipzp.eu/?a=b9r9xc,2015-06-10,16,#FIFA
from @hyperallergic corporate logos to reflect human rights abuses in qatar #fifa #hyundai #cocacola pic.twitter.com/q8nosjn965,,2015-06-10,16,#FIFA
#zico to stand for #fifa president... http://fb.me/1g5uvfjk7 ,fb.me/1g5uvfjk7,2015-06-10,16,#FIFA
#usmnt is undefeated since the #fifa scandal broke. blatter must have been fixing all the matches against them.,,2015-06-10,16,#FIFA
#fifa #worldcup2015 thu 11 jun schedule - cote d'ivoire / thailand canada / new zealand watch live on #statesopium http://goo.gl/k2ug9p ,goo.gl/k2ug9p,2015-06-10,16,#FIFA
#redcross make #fifa look like #amateurs #haiti red cross built exactly 6 homes 4 half a billion dollars in donations http://huff.to/1kgsixg ,huff.to/1kgsixg,2015-06-10,16,#FIFA
#fifa #worldcup2015 thu 11 jun schedule - germany / norway china pr / netherlands watch live on #statesopium http://goo.gl/k2ug9p ,goo.gl/k2ug9p,2015-06-10,16,#FIFA
#amajupinnick expertly side stepping questions on #seppblatter #fifa on #bbc hard talk. this chap is not a soft target at all. well played!,,2015-06-10,16,#FIFA
nuevo #infraganti : "el negocio de la #fifa" junto a @maperezpirela ¡no te lo pierdas! http://youtu.be/-uoo3lytrqu  +.,youtu.be/-uoo3lytrqu,2015-06-10,16,#FIFA
#worldcup #fifa rare vtg adidas world cup usa 1994 1/4 zip pullover sweatshirt awesome! euc xl http://dlvr.it/b9r4sj  #football #deals,dlvr.it/b9r4sj,2015-06-10,16,#FIFA
fifa 15 news: 5 legends who will disappear in fifa 16 http://zipzp.eu/?a=b9r8dy  #fifa,zipzp.eu/?a=b9r8dy,2015-06-10,16,#FIFA
how to decline a bribe #fifa #kungfu #shawbrothers #film #martialarts #theassassin (vine by @shawbrothersuni) https://vine.co/v/eb1ahqaiojh ,vine.co/v/eb1ahqaiojh,2015-06-10,16,#FIFA
[fifagate] la justicia incautó la base de datos de la #fifa || #video: https://www.youtube.com/watch?v=dx_xhw1y6fw … pic.twitter.com/6xqhylkpcx,youtube.com/watch?v=dx_xhw,2015-06-10,16,#FIFA
so in 3 weeks the #usmnt and #usa has taken down the dutch the germans and #fifa. well done yanks well done.,,2015-06-10,16,#FIFA
the #fifa that blatter built #football #soccer #sports http://j.mp/1l2jpcx ,j.mp/1l2jpcx,2015-06-10,16,#FIFA
this is episode #101 of dan the mans weekly #danthemansweekly #nbafinals #stanleycupfinals #fifa #usa http://youtu.be/icwwzj0fivs?a ,youtu.be/icwwzj0fivs?a,2015-06-10,16,#FIFA
partook in some @fbi raid #tourism in #zurich this week. baur au lac hotel scene of justice dept. raid on #fifa. pic.twitter.com/jmfnceer9x l,,2015-06-10,16,#FIFA
#fifa headquarters raided again as #swiss seize it data - via @telegraph http://www.telegraph.co.uk/sport/football/fifa/11666714/fifa-headquarters-raided-again-as-swiss-seize-it-data.html … pic.twitter.com/lwmg3zwnuu,telegraph.co.uk/sport/football,2015-06-10,16,#FIFA
#fifa suspende el proceso de candidaturas para el mundial 2026 http://bit.ly/1b5wqqq  #fútbol pic.twitter.com/11ypzmdb63,bit.ly/1b5wqqq,2015-06-10,16,#FIFA
on @bbcnews24 'extra time' @robbonnet interviewing a #fifa sep blatter apologist. bonnet's eyebrows repeatedly raised :-),,2015-06-10,16,#FIFA
the #fbi finds out that #fifa were corrupt and now suddenly #usa wins twice in a row... #holland and #germany ,,2015-06-10,16,#FIFA
fifa headquarters including sepp blatter's offices searched by ... http://zipzp.eu/?a=b9r0ld  #fifa,zipzp.eu/?a=b9r0ld,2015-06-10,16,#FIFA
jérôme valcke a top #fifa official says he authorized $10 million transfer http://nyti.ms/1frofx8 ,nyti.ms/1frofx8,2015-06-10,16,#FIFA
@broomy_88: beating holland and germany the u.s. are getting the hang of this soccer thing #football #fifa,,2015-06-10,16,#FIFA
iker - the soccer diaries support us go to this link: http://igg.me/at/thesoccerdiaries … #messi #fifa #blatter... http://fb.me/1wsdlnc3t ,igg.me/at/thesoccerdi,2015-06-10,16,#FIFA
#fifa suspends #2026 #worldcup bidding amid #corruption scandal http://on.rt.com/vpczed  pic.twitter.com/juomh2gujo,,2015-06-10,16,#FIFA
